 區域別 , 年份 , 總人口 , 65～69 , 70～74 , 75～79 , 80～84 , 85～89 , 90～94 , 95～99 , 100以上 , 65以下 
新北市,104,"  3,970,644 ","  164,764 ","  101,225 ","  72,859 ","  45,977 ","  29,515 ","  11,597 ","  2,650 ",  588 ,"  429,175 "
新北市,105,"  3,979,208 ","  192,041 ","  102,640 ","  77,878 ","  46,959 ","  30,195 ","  12,555 ","  3,086 ",  555 ,"  465,909 "
新北市,106,"  3,986,689 ","  213,535 ","  109,568 ","  82,117 ","  49,121 ","  30,645 ","  13,321 ","  3,497 ",  593 ,"  502,397 "
新北市,107,"  3,995,717 ","  232,421 ","  119,084 ","  87,074 ","  51,691 ","  30,757 ","  14,270 ","  3,769 ",  639 ,"  539,705 "
新北市,108,"  4,018,696 ","  247,515 ","  134,166 ","  90,713 ","  55,345 ","  30,923 ","  15,121 ","  4,021 ",  707 ,"  578,511 "
新北市,109,"  4,030,954 ","  261,636 ","  154,398 ","  89,850 ","  59,678 ","  31,613 ","  15,839 ","  4,440 ",  807 ,"  618,261 "
新北市,110,"  4,008,113 ","  265,690 ","  177,257 ","  89,882 ","  63,293 ","  32,225 ","  15,938 ","  4,791 ",  862 ,"  649,938 "
新北市,111,"  3,995,551 ","  269,523 ","  196,059 ","  95,460 ","  65,984 ","  33,225 ","  15,522 ","  4,683 ",  904 ,"  681,360 "
新北市,112,"  4,041,120 ","  279,789 ","  216,400 ","  105,381 ","  70,399 ","  35,047 ","  15,387 ","  4,833 ",  941 ,"  728,177 "
新北市,113,"  4,047,001 ","  286,578 ","  230,192 ","  119,509 ","  73,223 ","  37,683 ","  15,368 ","  4,970 ",  969 ,"  768,492 "
台北市,104,"  2,704,810 ","  136,418 ","  88,017 ","  70,435 ","  50,039 ","  34,697 ","  15,251 ","  3,579 ",  746 ,"  399,182 "
台北市,105,"  2,695,704 ","  152,844 ","  88,216 ","  72,967 ","  49,602 ","  34,799 ","  15,934 ","  4,058 ",  710 ,"  419,130 "
台北市,106,"  2,683,257 ","  163,695 ","  93,187 ","  75,392 ","  50,172 ","  35,046 ","  16,454 ","  4,465 ",  765 ,"  439,176 "
台北市,107,"  2,668,572 ","  172,292 ","  99,973 ","  77,592 ","  51,509 ","  34,511 ","  17,189 ","  4,767 ",  802 ,"  458,635 "
台北市,108,"  2,645,041 ","  176,807 ","  110,846 ","  78,730 ","  53,824 ","  34,072 ","  17,739 ","  5,036 ",  890 ,"  477,944 "
台北市,109,"  2,602,418 ","  180,387 ","  124,001 ","  76,290 ","  56,192 ","  34,250 ","  18,141 ","  5,388 ",  990 ,"  495,639 "
台北市,110,"  2,524,393 ","  177,502 ","  134,971 ","  75,060 ","  57,776 ","  33,793 ","  18,256 ","  5,667 ","  1,081 ","  504,106 "
台北市,111,"  2,480,681 ","  177,369 ","  144,605 ","  78,804 ","  59,343 ","  33,927 ","  17,894 ","  5,574 ","  1,078 ","  518,594 "
台北市,112,"  2,511,886 ","  184,266 ","  158,497 ","  87,937 ","  62,389 ","  35,454 ","  17,835 ","  5,686 ","  1,091 ","  553,155 "
台北市,113,"  2,490,869 ","  185,515 ","  164,245 ","  98,320 ","  64,045 ","  37,635 ","  17,728 ","  5,845 ","  1,125 ","  574,458 "
桃園市,104,"  2,105,780 ","  70,661 ","  46,106 ","  35,467 ","  24,853 ","  18,719 ","  6,359 ","  1,246 ",  219 ,"  203,630 "
桃園市,105,"  2,147,763 ","  82,803 ","  46,971 ","  37,570 ","  24,426 ","  18,981 ","  6,990 ","  1,454 ",  230 ,"  219,425 "
桃園市,106,"  2,188,017 ","  93,719 ","  49,630 ","  39,340 ","  25,044 ","  18,795 ","  7,598 ","  1,616 ",  262 ,"  236,004 "
桃園市,107,"  2,220,872 ","  103,298 ","  53,945 ","  41,161 ","  26,266 ","  18,034 ","  8,457 ","  1,789 ",  263 ,"  253,213 "
桃園市,108,"  2,249,037 ","  111,910 ","  60,938 ","  42,820 ","  27,872 ","  17,450 ","  9,173 ","  1,894 ",  291 ,"  272,348 "
桃園市,109,"  2,268,807 ","  120,486 ","  69,986 ","  42,572 ","  29,698 ","  17,132 ","  9,658 ","  2,208 ",  319 ,"  292,059 "
桃園市,110,"  2,272,391 ","  124,536 ","  80,795 ","  42,924 ","  31,173 ","  17,127 ","  9,669 ","  2,446 ",  370 ,"  309,040 "
桃園市,111,"  2,281,464 ","  127,778 ","  90,657 ","  45,166 ","  32,428 ","  17,353 ","  9,412 ","  2,556 ",  395 ,"  325,745 "
桃園市,112,"  2,317,445 ","  134,617 ","  100,610 ","  49,411 ","  34,168 ","  18,041 ","  8,923 ","  2,763 ",  406 ,"  348,939 "
桃園市,113,"  2,338,648 ","  140,229 ","  108,640 ","  55,858 ","  35,538 ","  19,161 ","  8,732 ","  2,900 ",  417 ,"  371,475 "
台中市,104,"  2,744,445 ","  99,051 ","  65,679 ","  52,629 ","  34,764 ","  21,293 ","  7,264 ","  1,412 ",  224 ,"  282,316 "
台中市,105,"  2,767,239 ","  114,348 ","  65,861 ","  54,836 ","  35,327 ","  21,754 ","  7,943 ","  1,594 ",  241 ,"  301,904 "
台中市,106,"  2,787,070 ","  126,337 ","  68,325 ","  56,600 ","  36,475 ","  22,194 ","  8,580 ","  1,809 ",  261 ,"  320,581 "
台中市,107,"  2,803,894 ","  137,374 ","  73,465 ","  58,302 ","  37,723 ","  22,421 ","  9,369 ","  1,917 ",  281 ,"  340,852 "
台中市,108,"  2,815,261 ","  147,413 ","  81,038 ","  58,878 ","  39,924 ","  22,580 ","  9,980 ","  2,148 ",  288 ,"  362,249 "
台中市,109,"  2,820,787 ","  155,683 ","  92,698 ","  57,826 ","  42,176 ","  22,999 ","  10,463 ","  2,436 ",  323 ,"  384,604 "
台中市,110,"  2,813,490 ","  159,720 ","  106,437 ","  57,559 ","  43,976 ","  23,581 ","  10,737 ","  2,570 ",  369 ,"  404,949 "
台中市,111,"  2,814,459 ","  163,846 ","  117,450 ","  59,636 ","  45,228 ","  24,328 ","  10,669 ","  2,741 ",  392 ,"  424,290 "
台中市,112,"  2,845,909 ","  170,031 ","  128,734 ","  64,757 ","  46,609 ","  25,188 ","  10,708 ","  2,888 ",  386 ,"  449,301 "
台中市,113,"  2,860,601 ","  175,828 ","  138,272 ","  71,952 ","  47,142 ","  26,817 ","  10,839 ","  2,961 ",  437 ,"  474,248 "
台南市,104,"  1,885,541 ","  78,250 ","  55,357 ","  48,774 ","  35,839 ","  20,407 ","  6,631 ","  1,346 ",  190 ,"  246,794 "
台南市,105,"  1,886,033 ","  90,486 ","  53,242 ","  49,695 ","  36,087 ","  21,251 ","  7,245 ","  1,494 ",  201 ,"  259,701 "
台南市,106,"  1,886,522 ","  98,468 ","  54,846 ","  49,794 ","  36,769 ","  21,862 ","  7,759 ","  1,601 ",  216 ,"  271,315 "
台南市,107,"  1,883,831 ","  104,586 ","  58,219 ","  50,456 ","  37,359 ","  22,177 ","  8,541 ","  1,694 ",  222 ,"  283,254 "
台南市,108,"  1,880,906 ","  110,376 ","  63,440 ","  50,425 ","  37,669 ","  22,917 ","  9,051 ","  1,861 ",  208 ,"  295,947 "
台南市,109,"  1,874,917 ","  115,744 ","  71,635 ","  47,800 ","  38,398 ","  23,533 ","  9,841 ","  2,085 ",  235 ,"  309,271 "
台南市,110,"  1,862,059 ","  117,920 ","  82,426 ","  45,894 ","  39,201 ","  23,812 ","  10,383 ","  2,291 ",  279 ,"  322,206 "
台南市,111,"  1,852,997 ","  121,296 ","  89,576 ","  47,228 ","  39,033 ","  23,997 ","  10,341 ","  2,389 ",  285 ,"  334,145 "
台南市,112,"  1,859,946 ","  125,752 ","  95,816 ","  50,517 ","  39,549 ","  24,327 ","  10,367 ","  2,469 ",  272 ,"  349,069 "
台南市,113,"  1,858,651 ","  129,609 ","  101,381 ","  55,201 ","  39,643 ","  24,496 ","  10,865 ","  2,607 ",  313 ,"  364,115 "
高雄市,104,"  2,778,918 ","  125,813 ","  83,915 ","  64,415 ","  41,598 ","  24,621 ","  8,354 ","  1,514 ",  218 ,"  350,448 "
高雄市,105,"  2,779,371 ","  144,968 ","  82,631 ","  67,768 ","  42,001 ","  25,193 ","  9,072 ","  1,759 ",  212 ,"  373,604 "
高雄市,106,"  2,776,912 ","  158,202 ","  85,875 ","  69,925 ","  43,405 ","  25,576 ","  9,693 ","  1,952 ",  233 ,"  394,861 "
高雄市,107,"  2,773,533 ","  167,998 ","  92,446 ","  72,189 ","  45,416 ","  25,615 ","  10,451 ","  2,072 ",  249 ,"  416,436 "
高雄市,108,"  2,773,198 ","  176,203 ","  101,248 ","  73,679 ","  47,777 ","  25,981 ","  11,023 ","  2,270 ",  271 ,"  438,452 "
高雄市,109,"  2,765,932 ","  183,148 ","  115,033 ","  71,982 ","  50,138 ","  26,630 ","  11,537 ","  2,605 ",  320 ,"  461,393 "
高雄市,110,"  2,744,691 ","  183,923 ","  131,965 ","  70,663 ","  52,737 ","  26,994 ","  11,891 ","  2,905 ",  361 ,"  481,439 "
高雄市,111,"  2,728,137 ","  185,682 ","  143,753 ","  73,528 ","  54,197 ","  27,701 ","  11,813 ","  2,909 ",  392 ,"  499,975 "
高雄市,112,"  2,737,941 ","  189,140 ","  153,902 ","  79,837 ","  56,248 ","  28,821 ","  11,707 ","  2,994 ",  397 ,"  523,046 "
高雄市,113,"  2,731,412 ","  191,512 ","  161,593 ","  87,837 ","  57,315 ","  30,585 ","  11,932 ","  3,070 ",  423 ,"  544,267 "
宜蘭縣,104,"  458,117 ","  17,963 ","  15,338 ","  14,412 ","  9,710 ","  5,479 ","  1,825 ",  394 ,  57 ,"  65,178 "
宜蘭縣,105,"  457,538 ","  20,476 ","  14,522 ","  14,697 ","  9,884 ","  5,714 ","  2,034 ",  410 ,  71 ,"  67,808 "
宜蘭縣,106,"  456,607 ","  22,382 ","  14,019 ","  14,830 ","  10,269 ","  5,829 ","  2,167 ",  456 ,  73 ,"  70,025 "
宜蘭縣,107,"  455,221 ","  24,316 ","  14,023 ","  14,807 ","  10,599 ","  6,008 ","  2,331 ",  489 ,  71 ,"  72,644 "
宜蘭縣,108,"  454,178 ","  25,721 ","  14,842 ","  14,395 ","  10,936 ","  6,230 ","  2,452 ",  523 ,  72 ,"  75,171 "
宜蘭縣,109,"  453,087 ","  27,118 ","  16,455 ","  13,447 ","  11,493 ","  6,414 ","  2,644 ",  556 ,  75 ,"  78,202 "
宜蘭縣,110,"  450,692 ","  27,858 ","  18,679 ","  12,692 ","  11,767 ","  6,578 ","  2,787 ",  645 ,  82 ,"  81,088 "
宜蘭縣,111,"  449,062 ","  28,652 ","  20,406 ","  12,246 ","  11,828 ","  6,840 ","  2,806 ",  651 ,  98 ,"  83,527 "
宜蘭縣,112,"  449,890 ","  29,402 ","  22,212 ","  12,326 ","  11,807 ","  7,101 ","  2,890 ",  677 ,  93 ,"  86,508 "
宜蘭縣,113,"  449,212 ","  30,368 ","  23,504 ","  13,034 ","  11,519 ","  7,354 ","  2,990 ",  756 ,  93 ,"  89,618 "
新竹縣,104,"  542,042 ","  17,418 ","  14,424 ","  13,313 ","  9,006 ","  5,460 ","  1,872 ",  407 ,  60 ,"  61,960 "
新竹縣,105,"  547,481 ","  19,521 ","  13,575 ","  13,660 ","  9,108 ","  5,631 ","  2,066 ",  412 ,  67 ,"  64,040 "
新竹縣,106,"  552,169 ","  21,238 ","  13,417 ","  13,569 ","  9,485 ","  5,717 ","  2,238 ",  443 ,  73 ,"  66,180 "
新竹縣,107,"  557,010 ","  22,874 ","  13,551 ","  13,553 ","  9,806 ","  5,740 ","  2,435 ",  488 ,  69 ,"  68,516 "
新竹縣,108,"  563,933 ","  24,058 ","  14,446 ","  13,354 ","  10,169 ","  5,860 ","  2,525 ",  559 ,  80 ,"  71,051 "
新竹縣,109,"  570,775 ","  25,511 ","  15,964 ","  12,523 ","  10,508 ","  6,029 ","  2,698 ",  627 ,  79 ,"  73,939 "
新竹縣,110,"  575,580 ","  26,349 ","  17,896 ","  11,800 ","  10,909 ","  6,120 ","  2,812 ",  693 ,  85 ,"  76,664 "
新竹縣,111,"  580,503 ","  27,211 ","  19,556 ","  11,729 ","  10,786 ","  6,303 ","  2,774 ",  720 ,  89 ,"  79,168 "
新竹縣,112,"  589,289 ","  28,550 ","  21,197 ","  11,921 ","  10,815 ","  6,517 ","  2,721 ",  758 ,  93 ,"  82,572 "
新竹縣,113,"  594,641 ","  29,779 ","  22,455 ","  12,798 ","  10,632 ","  6,767 ","  2,762 ",  798 ,  97 ,"  86,088 "
苗栗縣,104,"  563,912 ","  22,319 ","  18,186 ","  17,107 ","  12,533 ","  7,313 ","  2,493 ",  514 ,  79 ,"  80,544 "
苗栗縣,105,"  559,189 ","  24,829 ","  17,288 ","  17,486 ","  12,308 ","  7,570 ","  2,658 ",  553 ,  79 ,"  82,771 "
苗栗縣,106,"  553,807 ","  26,909 ","  17,245 ","  17,216 ","  12,676 ","  7,758 ","  2,852 ",  628 ,  77 ,"  85,361 "
苗栗縣,107,"  548,863 ","  28,570 ","  17,456 ","  17,134 ","  12,856 ","  7,821 ","  3,114 ",  662 ,  76 ,"  87,689 "
苗栗縣,108,"  545,459 ","  30,079 ","  18,436 ","  16,627 ","  13,052 ","  8,015 ","  3,368 ",  704 ,  97 ,"  90,378 "
苗栗縣,109,"  542,590 ","  31,273 ","  20,121 ","  15,660 ","  13,447 ","  8,214 ","  3,516 ",  774 ,  106 ,"  93,111 "
苗栗縣,110,"  538,178 ","  32,125 ","  22,308 ","  14,877 ","  13,717 ","  8,083 ","  3,673 ",  837 ,  109 ,"  95,729 "
苗栗縣,111,"  535,132 ","  32,645 ","  24,125 ","  14,789 ","  13,470 ","  8,179 ","  3,709 ",  892 ,  96 ,"  97,905 "
苗栗縣,112,"  534,575 ","  33,567 ","  25,775 ","  15,009 ","  13,325 ","  8,293 ","  3,532 ",  961 ,  105 ,"  100,567 "
苗栗縣,113,"  532,854 ","  34,839 ","  27,188 ","  15,953 ","  13,004 ","  8,393 ","  3,687 ",  994 ,  110 ,"  104,168 "
彰化縣,104,"  1,289,072 ","  51,817 ","  39,455 ","  37,374 ","  26,962 ","  14,253 ","  4,890 ",  925 ,  109 ,"  175,785 "
彰化縣,105,"  1,287,146 ","  58,734 ","  37,767 ","  37,533 ","  27,394 ","  15,077 ","  5,295 ","  1,060 ",  102 ,"  182,962 "
彰化縣,106,"  1,282,458 ","  63,150 ","  38,225 ","  37,445 ","  27,855 ","  15,824 ","  5,698 ","  1,186 ",  116 ,"  189,499 "
彰化縣,107,"  1,277,824 ","  66,927 ","  39,700 ","  37,347 ","  28,109 ","  16,550 ","  6,035 ","  1,314 ",  121 ,"  196,103 "
彰化縣,108,"  1,272,802 ","  70,188 ","  42,663 ","  36,375 ","  28,861 ","  17,133 ","  6,470 ","  1,389 ",  137 ,"  203,216 "
彰化縣,109,"  1,266,670 ","  73,224 ","  47,524 ","  34,288 ","  29,445 ","  17,722 ","  6,966 ","  1,527 ",  186 ,"  210,882 "
彰化縣,110,"  1,255,330 ","  74,665 ","  53,814 ","  32,842 ","  29,634 ","  18,171 ","  7,420 ","  1,715 ",  216 ,"  218,477 "
彰化縣,111,"  1,245,239 ","  75,564 ","  57,754 ","  33,193 ","  29,489 ","  18,268 ","  7,561 ","  1,693 ",  226 ,"  223,748 "
彰化縣,112,"  1,239,048 ","  78,122 ","  61,206 ","  34,482 ","  29,387 ","  18,355 ","  7,826 ","  1,711 ",  240 ,"  231,329 "
彰化縣,113,"  1,225,675 ","  79,894 ","  64,101 ","  37,153 ","  28,664 ","  18,922 ","  8,142 ","  1,817 ",  231 ,"  238,924 "
南投縣,104,"  509,490 ","  22,580 ","  17,543 ","  16,460 ","  11,678 ","  6,635 ","  2,142 ",  419 ,  52 ,"  77,509 "
南投縣,105,"  505,163 ","  25,222 ","  16,688 ","  16,742 ","  11,697 ","  6,906 ","  2,343 ",  480 ,  57 ,"  80,135 "
南投縣,106,"  501,051 ","  27,414 ","  16,500 ","  16,720 ","  11,952 ","  7,093 ","  2,513 ",  531 ,  57 ,"  82,780 "
南投縣,107,"  497,031 ","  28,884 ","  17,248 ","  16,466 ","  12,107 ","  7,273 ","  2,739 ",  576 ,  72 ,"  85,365 "
南投縣,108,"  494,112 ","  30,266 ","  18,492 ","  15,909 ","  12,502 ","  7,446 ","  2,959 ",  601 ,  78 ,"  88,253 "
南投縣,109,"  490,832 ","  31,650 ","  20,396 ","  15,054 ","  12,877 ","  7,606 ","  3,185 ",  693 ,  82 ,"  91,543 "
南投縣,110,"  484,897 ","  32,175 ","  22,780 ","  14,326 ","  13,122 ","  7,678 ","  3,342 ",  756 ,  111 ,"  94,290 "
南投縣,111,"  479,595 ","  32,713 ","  24,752 ","  14,031 ","  13,067 ","  7,794 ","  3,333 ",  764 ,  110 ,"  96,564 "
南投縣,112,"  477,094 ","  33,484 ","  26,178 ","  14,770 ","  12,830 ","  7,827 ","  3,414 ",  786 ,  108 ,"  99,397 "
南投縣,113,"  472,299 ","  34,410 ","  27,345 ","  15,946 ","  12,354 ","  8,151 ","  3,532 ",  837 ,  105 ,"  102,680 "
雲林縣,104,"  699,633 ","  31,673 ","  26,546 ","  25,671 ","  18,100 ","  9,561 ","  3,042 ",  555 ,  66 ,"  115,214 "
雲林縣,105,"  694,873 ","  34,875 ","  25,582 ","  25,930 ","  18,189 ","  10,179 ","  3,314 ",  624 ,  71 ,"  118,764 "
雲林縣,106,"  690,373 ","  36,880 ","  25,314 ","  25,540 ","  18,562 ","  10,488 ","  3,624 ",  705 ,  77 ,"  121,190 "
雲林縣,107,"  686,022 ","  38,268 ","  25,456 ","  25,327 ","  18,882 ","  10,873 ","  3,959 ",  737 ,  75 ,"  123,577 "
雲林縣,108,"  681,306 ","  39,215 ","  26,750 ","  24,413 ","  19,327 ","  11,290 ","  4,232 ",  835 ,  97 ,"  126,159 "
雲林縣,109,"  676,873 ","  40,907 ","  28,489 ","  22,668 ","  19,898 ","  11,712 ","  4,544 ",  929 ,  104 ,"  129,251 "
雲林縣,110,"  670,132 ","  40,679 ","  31,381 ","  21,903 ","  20,191 ","  11,885 ","  4,827 ","  1,039 ",  117 ,"  132,022 "
雲林縣,111,"  664,092 ","  41,025 ","  33,149 ","  21,588 ","  19,901 ","  11,923 ","  4,847 ","  1,064 ",  124 ,"  133,621 "
雲林縣,112,"  659,468 ","  41,883 ","  34,417 ","  21,663 ","  19,680 ","  12,135 ","  5,022 ","  1,097 ",  129 ,"  136,026 "
雲林縣,113,"  658,427 ","  42,850 ","  35,381 ","  22,792 ","  18,945 ","  12,474 ","  5,198 ","  1,172 ",  117 ,"  138,929 "
嘉義縣,104,"  519,839 ","  23,850 ","  19,939 ","  19,923 ","  14,821 ","  8,155 ","  2,587 ",  505 ,  63 ,"  89,843 "
嘉義縣,105,"  515,320 ","  27,039 ","  18,509 ","  19,850 ","  14,842 ","  8,566 ","  2,761 ",  609 ,  58 ,"  92,234 "
嘉義縣,106,"  511,182 ","  28,904 ","  18,225 ","  19,655 ","  15,073 ","  8,838 ","  2,994 ",  614 ,  81 ,"  94,384 "
嘉義縣,107,"  507,068 ","  30,212 ","  18,824 ","  19,158 ","  15,147 ","  9,301 ","  3,265 ",  677 ,  82 ,"  96,666 "
嘉義縣,108,"  503,113 ","  31,357 ","  19,815 ","  18,541 ","  15,279 ","  9,608 ","  3,587 ",  732 ,  85 ,"  99,004 "
嘉義縣,109,"  499,481 ","  32,579 ","  21,700 ","  17,228 ","  15,534 ","  9,676 ","  4,004 ",  790 ,  96 ,"  101,607 "
嘉義縣,110,"  493,316 ","  32,911 ","  24,553 ","  15,956 ","  15,625 ","  9,799 ","  4,286 ",  856 ,  127 ,"  104,113 "
嘉義縣,111,"  488,158 ","  33,312 ","  26,264 ","  15,736 ","  15,480 ","  9,730 ","  4,324 ",  948 ,  108 ,"  105,902 "
嘉義縣,112,"  484,560 ","  34,129 ","  27,453 ","  16,257 ","  15,085 ","  9,888 ","  4,462 ",  973 ,  121 ,"  108,368 "
嘉義縣,113,"  478,786 ","  35,094 ","  28,578 ","  17,174 ","  14,484 ","  10,060 ","  4,507 ","  1,049 ",  118 ,"  111,064 "
屏東縣,104,"  841,253 ","  38,177 ","  28,637 ","  25,340 ","  17,107 ","  9,221 ","  2,807 ",  534 ,  73 ,"  121,896 "
屏東縣,105,"  835,792 ","  43,286 ","  27,283 ","  25,808 ","  17,326 ","  9,627 ","  3,040 ",  566 ,  80 ,"  127,016 "
屏東縣,106,"  829,939 ","  46,448 ","  27,380 ","  26,024 ","  17,845 ","  9,711 ","  3,220 ",  633 ,  86 ,"  131,347 "
屏東縣,107,"  825,406 ","  48,904 ","  28,850 ","  25,833 ","  18,336 ","  10,080 ","  3,516 ",  662 ,  89 ,"  136,270 "
屏東縣,108,"  819,184 ","  51,177 ","  30,613 ","  25,642 ","  18,738 ","  10,310 ","  3,869 ",  671 ,  100 ,"  141,120 "
屏東縣,109,"  812,658 ","  53,224 ","  34,052 ","  24,286 ","  19,260 ","  10,535 ","  4,121 ",  787 ,  88 ,"  146,353 "
屏東縣,110,"  804,440 ","  53,574 ","  38,655 ","  23,063 ","  19,662 ","  10,923 ","  4,348 ",  852 ,  96 ,"  151,173 "
屏東縣,111,"  798,703 ","  54,668 ","  41,388 ","  23,209 ","  19,846 ","  11,158 ","  4,270 ",  936 ,  100 ,"  155,575 "
屏東縣,112,"  794,997 ","  55,366 ","  43,687 ","  24,515 ","  19,722 ","  11,385 ","  4,372 ",  943 ,  108 ,"  160,098 "
屏東縣,113,"  789,239 ","  56,637 ","  45,834 ","  26,172 ","  19,557 ","  11,753 ","  4,444 ","  1,017 ",  118 ,"  165,532 "
台東縣,104,"  222,452 ","  9,858 ","  7,366 ","  6,363 ","  4,453 ","  2,739 ","  1,054 ",  207 ,  44 ,"  32,084 "
台東縣,105,"  220,802 ","  10,971 ","  7,107 ","  6,404 ","  4,442 ","  2,776 ","  1,095 ",  227 ,  38 ,"  33,060 "
台東縣,106,"  219,540 ","  11,641 ","  7,364 ","  6,456 ","  4,541 ","  2,690 ","  1,155 ",  268 ,  43 ,"  34,158 "
台東縣,107,"  218,919 ","  12,363 ","  7,490 ","  6,568 ","  4,650 ","  2,681 ","  1,176 ",  291 ,  39 ,"  35,258 "
台東縣,108,"  216,781 ","  12,706 ","  8,022 ","  6,476 ","  4,726 ","  2,716 ","  1,241 ",  309 ,  40 ,"  36,236 "
台東縣,109,"  215,261 ","  13,392 ","  8,768 ","  6,220 ","  4,811 ","  2,746 ","  1,274 ",  329 ,  44 ,"  37,584 "
台東縣,110,"  213,386 ","  13,549 ","  9,797 ","  6,016 ","  4,883 ","  2,764 ","  1,298 ",  368 ,  51 ,"  38,726 "
台東縣,111,"  212,551 ","  13,802 ","  10,376 ","  6,234 ","  4,918 ","  2,836 ","  1,263 ",  353 ,  57 ,"  39,839 "
台東縣,112,"  211,544 ","  14,134 ","  11,036 ","  6,286 ","  5,011 ","  2,911 ","  1,228 ",  347 ,  59 ,"  41,012 "
台東縣,113,"  210,219 ","  14,484 ","  11,381 ","  6,813 ","  4,924 ","  2,983 ","  1,251 ",  388 ,  60 ,"  42,284 "
花蓮縣,104,"  331,945 ","  14,826 ","  10,850 ","  8,877 ","  6,269 ","  4,022 ","  1,480 ",  324 ,  53 ,"  46,701 "
花蓮縣,105,"  330,911 ","  16,593 ","  10,727 ","  9,072 ","  6,281 ","  3,955 ","  1,612 ",  344 ,  65 ,"  48,649 "
花蓮縣,106,"  329,237 ","  17,815 ","  10,790 ","  9,381 ","  6,445 ","  3,884 ","  1,699 ",  392 ,  66 ,"  50,472 "
花蓮縣,107,"  327,968 ","  18,967 ","  11,038 ","  9,527 ","  6,487 ","  3,939 ","  1,708 ",  436 ,  62 ,"  52,164 "
花蓮縣,108,"  326,247 ","  19,859 ","  11,900 ","  9,559 ","  6,625 ","  4,011 ","  1,803 ",  441 ,  68 ,"  54,266 "
花蓮縣,109,"  324,372 ","  20,819 ","  13,245 ","  9,211 ","  6,852 ","  4,066 ","  1,942 ",  465 ,  75 ,"  56,675 "
花蓮縣,110,"  321,358 ","  21,209 ","  14,780 ","  9,076 ","  7,057 ","  4,125 ","  1,946 ",  537 ,  83 ,"  58,813 "
花蓮縣,111,"  318,892 ","  21,788 ","  15,849 ","  9,094 ","  7,323 ","  4,147 ","  1,878 ",  567 ,  87 ,"  60,733 "
花蓮縣,112,"  317,489 ","  22,281 ","  17,019 ","  9,388 ","  7,385 ","  4,241 ","  1,895 ",  531 ,  80 ,"  62,820 "
花蓮縣,113,"  315,374 ","  22,737 ","  17,844 ","  10,223 ","  7,384 ","  4,405 ","  1,895 ",  546 ,  78 ,"  65,112 "
澎湖縣,104,"  102,304 ","  4,282 ","  3,051 ","  3,004 ","  2,572 ","  1,505 ",  566 ,  119 ,  9 ,"  15,108 "
澎湖縣,105,"  103,263 ","  4,663 ","  3,132 ","  2,917 ","  2,561 ","  1,569 ",  588 ,  139 ,  10 ,"  15,579 "
澎湖縣,106,"  104,073 ","  5,168 ","  3,153 ","  2,848 ","  2,563 ","  1,636 ",  628 ,  165 ,  9 ,"  16,170 "
澎湖縣,107,"  104,440 ","  5,547 ","  3,342 ","  2,850 ","  2,492 ","  1,660 ",  652 ,  180 ,  12 ,"  16,735 "
澎湖縣,108,"  105,207 ","  5,820 ","  3,658 ","  2,802 ","  2,480 ","  1,709 ",  682 ,  194 ,  18 ,"  17,363 "
澎湖縣,109,"  105,952 ","  6,115 ","  4,119 ","  2,737 ","  2,452 ","  1,713 ",  760 ,  189 ,  21 ,"  18,106 "
澎湖縣,110,"  106,340 ","  6,337 ","  4,519 ","  2,831 ","  2,370 ","  1,752 ",  801 ,  191 ,  22 ,"  18,823 "
澎湖縣,111,"  107,223 ","  6,619 ","  5,040 ","  2,853 ","  2,320 ","  1,710 ",  800 ,  212 ,  27 ,"  19,581 "
澎湖縣,112,"  107,739 ","  6,973 ","  5,461 ","  3,042 ","  2,273 ","  1,649 ",  794 ,  208 ,  33 ,"  20,433 "
澎湖縣,113,"  107,901 ","  7,438 ","  5,737 ","  3,340 ","  2,261 ","  1,643 ",  816 ,  218 ,  22 ,"  21,475 "
基隆市,104,"  372,105 ","  16,388 ","  10,942 ","  9,752 ","  6,232 ","  3,927 ","  1,524 ",  298 ,  71 ,"  49,134 "
基隆市,105,"  372,100 ","  19,206 ","  10,377 ","  10,071 ","  6,306 ","  3,943 ","  1,616 ",  351 ,  79 ,"  51,949 "
基隆市,106,"  371,458 ","  21,352 ","  10,804 ","  10,272 ","  6,559 ","  3,887 ","  1,685 ",  379 ,  87 ,"  55,025 "
基隆市,107,"  370,155 ","  23,047 ","  11,569 ","  10,411 ","  6,764 ","  3,910 ","  1,783 ",  410 ,  104 ,"  57,998 "
基隆市,108,"  368,893 ","  24,304 ","  12,917 ","  10,294 ","  7,152 ","  3,961 ","  1,857 ",  428 ,  98 ,"  61,011 "
基隆市,109,"  367,577 ","  25,589 ","  15,103 ","  9,486 ","  7,645 ","  4,073 ","  1,893 ",  512 ,  106 ,"  64,407 "
基隆市,110,"  363,977 ","  26,165 ","  17,501 ","  8,988 ","  7,891 ","  4,131 ","  1,901 ",  555 ,  114 ,"  67,246 "
基隆市,111,"  361,526 ","  26,375 ","  19,417 ","  9,308 ","  7,982 ","  4,219 ","  1,802 ",  558 ,  121 ,"  69,782 "
基隆市,112,"  362,255 ","  27,270 ","  21,174 ","  10,001 ","  8,063 ","  4,365 ","  1,803 ",  547 ,  115 ,"  73,338 "
基隆市,113,"  361,441 ","  28,205 ","  22,265 ","  11,267 ","  7,989 ","  4,599 ","  1,855 ",  550 ,  114 ,"  76,844 "
新竹市,104,"  434,060 ","  14,890 ","  10,370 ","  8,418 ","  5,801 ","  4,060 ","  1,642 ",  327 ,  64 ,"  45,572 "
新竹市,105,"  437,337 ","  16,964 ","  10,432 ","  8,729 ","  5,827 ","  3,996 ","  1,751 ",  380 ,  62 ,"  48,141 "
新竹市,106,"  441,132 ","  18,596 ","  10,798 ","  9,031 ","  5,979 ","  4,048 ","  1,836 ",  404 ,  64 ,"  50,756 "
新竹市,107,"  445,635 ","  20,041 ","  11,426 ","  9,377 ","  6,197 ","  3,948 ","  1,911 ",  455 ,  73 ,"  53,428 "
新竹市,108,"  448,803 ","  21,324 ","  12,465 ","  9,550 ","  6,479 ","  3,869 ","  2,012 ",  493 ,  74 ,"  56,266 "
新竹市,109,"  451,412 ","  22,470 ","  13,948 ","  9,234 ","  6,848 ","  3,946 ","  2,028 ",  559 ,  79 ,"  59,112 "
新竹市,110,"  452,640 ","  22,722 ","  15,738 ","  9,205 ","  7,160 ","  4,024 ","  2,031 ",  600 ,  90 ,"  61,570 "
新竹市,111,"  452,473 ","  23,149 ","  17,146 ","  9,534 ","  7,375 ","  4,101 ","  2,011 ",  632 ,  105 ,"  64,053 "
新竹市,112,"  456,475 ","  23,919 ","  18,715 ","  10,162 ","  7,669 ","  4,262 ","  1,911 ",  655 ,  101 ,"  67,394 "
新竹市,113,"  457,242 ","  24,345 ","  19,863 ","  11,111 ","  7,841 ","  4,496 ","  1,935 ",  675 ,  117 ,"  70,383 "
嘉義市,104,"  270,366 ","  10,933 ","  7,923 ","  6,833 ","  4,773 ","  2,806 ",  963 ,  170 ,  33 ,"  34,434 "
嘉義市,105,"  269,874 ","  12,484 ","  7,786 ","  7,013 ","  4,851 ","  2,849 ","  1,038 ",  214 ,  33 ,"  36,268 "
嘉義市,106,"  269,398 ","  13,632 ","  8,042 ","  7,108 ","  5,019 ","  2,925 ","  1,145 ",  233 ,  36 ,"  38,140 "
嘉義市,107,"  268,622 ","  14,353 ","  8,485 ","  7,218 ","  5,154 ","  2,990 ","  1,244 ",  251 ,  42 ,"  39,737 "
嘉義市,108,"  267,690 ","  14,951 ","  9,239 ","  7,236 ","  5,344 ","  3,052 ","  1,306 ",  283 ,  46 ,"  41,457 "
嘉義市,109,"  266,005 ","  15,782 ","  10,174 ","  6,921 ","  5,496 ","  3,199 ","  1,388 ",  309 ,  52 ,"  43,321 "
嘉義市,110,"  264,727 ","  15,944 ","  11,462 ","  6,836 ","  5,626 ","  3,294 ","  1,440 ",  348 ,  42 ,"  44,992 "
嘉義市,111,"  262,924 ","  16,099 ","  12,448 ","  7,078 ","  5,699 ","  3,373 ","  1,425 ",  346 ,  44 ,"  46,512 "
嘉義市,112,"  263,584 ","  16,550 ","  13,231 ","  7,522 ","  5,796 ","  3,487 ","  1,424 ",  372 ,  46 ,"  48,428 "
嘉義市,113,"  262,177 ","  16,859 ","  13,778 ","  8,145 ","  5,851 ","  3,581 ","  1,466 ",  375 ,  46 ,"  50,101 "
金門縣,104,"  132,799 ","  4,597 ","  3,404 ","  2,930 ","  2,097 ","  1,088 ",  529 ,  150 ,  46 ,"  14,841 "
金門縣,105,"  135,114 ","  5,364 ","  3,389 ","  2,965 ","  2,149 ","  1,146 ",  534 ,  176 ,  46 ,"  15,769 "
金門縣,106,"  137,456 ","  6,137 ","  3,472 ","  2,936 ","  2,260 ","  1,264 ",  541 ,  172 ,  49 ,"  16,831 "
金門縣,107,"  139,273 ","  6,750 ","  3,618 ","  2,947 ","  2,343 ","  1,340 ",  568 ,  186 ,  53 ,"  17,805 "
金門縣,108,"  140,185 ","  7,629 ","  3,844 ","  3,032 ","  2,363 ","  1,424 ",  594 ,  209 ,  54 ,"  19,149 "
金門縣,109,"  140,597 ","  8,391 ","  4,126 ","  3,018 ","  2,405 ","  1,515 ",  612 ,  203 ,  49 ,"  20,319 "
金門縣,110,"  141,539 ","  9,112 ","  4,800 ","  2,986 ","  2,431 ","  1,537 ",  655 ,  219 ,  66 ,"  21,806 "
金門縣,111,"  141,295 ","  9,767 ","  5,458 ","  3,035 ","  2,389 ","  1,597 ",  702 ,  212 ,  57 ,"  23,217 "
金門縣,112,"  144,149 ","  10,605 ","  6,088 ","  3,159 ","  2,400 ","  1,638 ",  750 ,  225 ,  53 ,"  24,918 "
金門縣,113,"  143,601 ","  10,711 ","  6,918 ","  3,348 ","  2,520 ","  1,664 ",  763 ,  236 ,  46 ,"  26,206 "
連江縣,104,"  12,547 ",  486 ,  227 ,  203 ,  156 ,  87 ,  51 ,  18 ,  3 ,"  1,231 "
連江縣,105,"  12,595 ",  504 ,  262 ,  203 ,  150 ,  94 ,  58 ,  15 ,  1 ,"  1,287 "
連江縣,106,"  12,880 ",  534 ,  299 ,  191 ,  163 ,  98 ,  52 ,  22 ,  2 ,"  1,361 "
連江縣,107,"  13,056 ",  584 ,  346 ,  188 ,  161 ,  105 ,  53 ,  26 ,  4 ,"  1,467 "
連江縣,108,"  13,089 ",  639 ,  388 ,  184 ,  171 ,  107 ,  55 ,  25 ,  7 ,"  1,576 "
連江縣,109,"  13,279 ",  711 ,  414 ,  192 ,  172 ,  105 ,  50 ,  26 ,  6 ,"  1,676 "
連江縣,110,"  13,645 ",  795 ,  442 ,  219 ,  168 ,  112 ,  54 ,  28 ,  5 ,"  1,823 "
連江縣,111,"  13,983 ",  855 ,  478 ,  251 ,  166 ,  124 ,  54 ,  23 ,  6 ,"  1,957 "
連江縣,112,"  14,039 ",  899 ,  520 ,  300 ,  157 ,  121 ,  62 ,  24 ,  7 ,"  2,090 "
連江縣,113,"  13,950 ",  943 ,  584 ,  342 ,  162 ,  120 ,  60 ,  24 ,  9 ,"  2,244 "
